{"cameraMode":{"drawMode":0,"name":"Shaded","section":"Shading Mode"},"sceneLighting":true,"audioPlay":false,"sceneViewState":{"m_AlwaysRefresh":false,"showFog":true,"showSkybox":true,"showFlares":true,"showImageEffects":true,"showParticleSystems":true,"showVisualEffectGraphs":true,"m_FxEnabled":true},"in2DMode":false,"pivot":{"x":-23.184612274169923,"y":2.0282716751098635,"z":-0.09628915786743164},"rotation":{"x":0.1694810688495636,"y":0.10620751976966858,"z":-0.01837472803890705,"w":0.9796270132064819},"size":8.299715995788575,"orthographic":false}